Workbook

Sheet اعتماد الشهادات 1
A1: The main file of the International Board’s certificates for trainees and vocational qualification
A2: اسم المتدرب | B2: الرقم المتسلسل المعتمد | C2: الرمز | D2: رقم الاعتماد | E2: نوع الوثيقة | F2: تاريخ الاعتماد | G2: اسم المدرب | H2: الحنسية | I2: الحصول على الوثيقة ورقيا | J2: ملاحظات
A3: Academy of Scientific Professionalism for Training and Rehabilitation | B3: IB124 | C3: 73 | D3: ='اعتماد الشهادات 1'!$B3&'اعتماد الشهادات 1'!$C3 -> IB12473 | E3: accreditation center | F3: 44594 | G3: Maen Al Shammari | H3: Libya | I3: YAS
A4: Wiam Ali Kshad | B4: IB125 | C4: 80 | D4: ='اعتماد الشهادات 1'!$B4&'اعتماد الشهادات 1'!$C4 -> IB12580 | E4: Training of Trainers (TOT) | F4: 44606 | G4: Maen Al Shammari | H4: Libya | I4: YAS
A5: Awatif Othman Alkuwafl | B5: IB126 | C5: 65 | D5: ='اعتماد الشهادات 1'!$B5&'اعتماد الشهادات 1'!$C5 -> IB12665 | E5: Training of Trainers (TOT) | F5: 44606 | G5: Maen Al Shammari | H5: Libya | I5: YAS
A6: Basma Mohamad Alsharef | B6: IB127 | C6: 44 | D6: ='اعتماد الشهادات 1'!$B6&'اعتماد الشهادات 1'!$C6 -> IB12744 | E6: Training of Trainers (TOT) | F6: 44606 | G6: Maen Al Shammari | H6: Libya | I6: YAS
A7: Fatima abdoulha boderbala mayof | B7: IB128 | C7: 60 | D7: ='اعتماد الشهادات 1'!$B7&'اعتماد الشهادات 1'!$C7 -> IB12860 | E7: Training of Trainers (TOT) | F7: 44606 | G7: Maen Al Shammari | H7: Libya | I7: YAS
A8: SALMA ABDULKARIM ALTAWATI ALSANAKIA | B8: IB129 | C8: 53 | D8: ='اعتماد الشهادات 1'!$B8&'اعتماد الشهادات 1'!$C8 -> IB12953 | E8: Training of Trainers (TOT) | F8: 44606 | G8: Maen Al Shammari | H8: Libya | I8: YAS
A9: Fatima Ali Faraj Halash | B9: IB130 | C9: 39 | D9: ='اعتماد الشهادات 1'!$B9&'اعتماد الشهادات 1'!$C9 -> IB13039 | E9: Training of Trainers (TOT) | F9: 44606 | G9: Maen Al Shammari | H9: Libya | I9: YAS
A10: Suhair mousa shehadeh | B10: IB131 | C10: 19 | D10: ='اعتماد الشهادات 1'!$B10&'اعتماد الشهادات 1'!$C10 -> IB13119 | E10: Training of Trainers (TOT) | F10: 44606 | G10: Maen Al Shammari | H10: Libya | I10: YAS
A11: Sherefa Mohammed Faraj Barka | B11: IB132 | C11: 31 | D11: ='اعتماد الشهادات 1'!$B11&'اعتماد الشهادات 1'!$C11 -> IB13231 | E11: Training of Trainers (TOT) | F11: 44606 | G11: Maen Al Shammari | H11: Libya | I11: YAS
A12: Jamal Sabry Anfous | B12: IB133 | C12: 18 | D12: ='اعتماد الشهادات 1'!$B12&'اعتماد الشهادات 1'!$C12 -> IB13318 | E12: Training of Trainers (TOT) | F12: 44606 | G12: Maen Al Shammari | H12: Syria | I12: YAS
A13: Fathia AliMohammed Alhoni | B13: IB134 | C13: 56 | D13: ='اعتماد الشهادات 1'!$B13&'اعتماد الشهادات 1'!$C13 -> IB13456 | E13: Training of Trainers (TOT) | F13: 44606 | G13: Maen Al Shammari | H13: Libya | I13: YAS
A14: Mohamed hassan Zaki gad abou elnasr | B14: IB135 | C14: 91 | D14: ='اعتماد الشهادات 1'!$B14&'اعتماد الشهادات 1'!$C14 -> IB13591 | E14: Training of Trainers (TOT) | F14: 44606 | G14: Maen Al Shammari | H14: Egption | I14: YAS
... A22: Iman Mohamed busnena | B22: IB143 | C22: 34 | D22: ='اعتماد الشهادات 1'!$B22&'اعتماد الشهادات 1'!$C22 -> IB14334 | E22: Training of Trainers (TOT) | F22: 44637 | G22: Maen Al Shammari | H22: Libya | I22: YAS
A23: Mohammed Amou Hawbe | B23: IB144 | C23: 23 | D23: ='اعتماد الشهادات 1'!$B23&'اعتماد الشهادات 1'!$C23 -> IB14423 | E23: Training of Trainers (TOT) | F23: 44637 | G23: Maen Al Shammari | H23: Mauritania | I23: YAS | J23: الرقم الصحيح IB14323
A24: ALI AHMED MOHAMMED | B24: IB145 | C24: 15 | D24: ='اعتماد الشهادات 1'!$B24&'اعتماد الشهادات 1'!$C24 -> IB14515 | E24: Training of Trainers (TOT) | F24: 44637 | G24: Maen Al Shammari | H24: Libya | I24: YAS
A25: Asma El Hadi Ahmed Salem | B25: IB146 | C25: 54 | D25: ='اعتماد الشهادات 1'!$B25&'اعتماد الشهادات 1'!$C25 -> IB14654 | E25: Training of Trainers (TOT) | F25: 44637 | G25: Maen Al Shammari | H25: Libya | I25: YAS
A26: Zaineb Muhsen Aldulaa | B26: IB147 | C26: 31 | D26: ='اعتماد الشهادات 1'!$B26&'اعتماد الشهادات 1'!$C26 -> IB14731 | E26: Training of Trainers (TOT) | F26: 44637 | G26: Maen Al Shammari | H26: Libya | I26: YAS
A27: Muna Al Hashmi Saeid Al Sagheer | B27: IB148 | C27: 34 | D27: ='اعتماد الشهادات 1'!$B27&'اعتماد الشهادات 1'!$C27 -> IB14834 | E27: Training of Trainers (TOT) | F27: 44637 | G27: Maen Al Shammari | H27: Libya | I27: YAS
A28: KAHDIGAH GABRIEL ALTUWATI ALSHNNAKIA | B28: IB149 | C28: 87 | D28: ='اعتماد الشهادات 1'!$B28&'اعتماد الشهادات 1'!$C28 -> IB14987 | E28: Training of Trainers (TOT) | F28: 44637 | G28: Maen Al Shammari | H28: Libya | I28: YAS
A29: Hiam Ali Elrabty | B29: IB150 | C29: 24 | D29: ='اعتماد الشهادات 1'!$B29&'اعتماد الشهادات 1'!$C29 -> IB15024 | E29: Training of Trainers (TOT) | F29: 44637 | G29: Maen Al Shammari | H29: Libya | I29: YAS
A30: Mohamed Mohamed Mahmoud | B30: IB151 | C30: 92 | D30: ='اعتماد الشهادات 1'!$B30&'اعتماد الشهادات 1'!$C30 -> IB15192 | E30: Training of Trainers (TOT) | F30: 44637 | G30: Maen Al Shammari | H30: Mauritania | I30: YAS
A31: Aisha Abubakar Emhemd Altaher | B31: IB152 | C31: 65 | D31: ='اعتماد الشهادات 1'!$B31&'اعتماد الشهادات 1'!$C31 -> IB15265 | E31: Training of Trainers (TOT) | F31: 44637 | G31: Maen Al Shammari | H31: Libya | I31: YAS
A32: Mona Mosa Alawamy | B32: IB153 | C32: 11 | D32: ='اعتماد الشهادات 1'!$B32&'اعتماد الشهادات 1'!$C32 -> IB15311 | E32: Training of Trainers (TOT) | F32: 44637 | G32: Maen Al Shammari | H32: Libya | I32: YAS
A33: KALTHOUM ALAMEER ABDULLAH | B33: IB154 | C33: 22 | D33: ='اعتماد الشهادات 1'!$B33&'اعتماد الشهادات 1'!$C33 -> IB15422 | E33: Training of Trainers (TOT) | F33: 44606 | G33: Maen Al Shammari | H33: Libya | I33: YAS
A34: Ali Mohammad Hammoud | B34: IB155 | C34: 78 | D34: ='اعتماد الشهادات 1'!$B34&'اعتماد الشهادات 1'!$C34 -> IB15578 | E34: Diploma in Simultaneous Translation | F34: 13/1/2025 | G34: Ahmad Alkoud | H34: Syria
A35: Hamlinha Daw Ali | B35: IB156 | C35: 83 | D35: ='اعتماد الشهادات 1'!$B35&'اعتماد الشهادات 1'!$C35 -> IB15683 | E35: Training of Trainers (TOT) | F35: 21/14/2022 | G35: Maen Al Shammari | H35: Libya | I35: YAS
A36: Osama Hassouni. Al Hariri | B36: IB157 | C36: 17 | D36: ='اعتماد الشهادات 1'!$B36&'اعتماد الشهادات 1'!$C36 -> IB15717 | E36: Training of Trainers (TOT) | F36: 21/14/2022 | G36: Maen Al Shammari | H36: Syria | I36: YAS
A37: Ramiz Abdulgani Rashed | B37: IB158 | C37: 43 | D37: ='اعتماد الشهادات 1'!$B37&'اعتماد الشهادات 1'!$C37 -> IB15843 | E37: Training of Trainers (TOT) | F37: 21/14/2022 | G37: Maen Al Shammari | H37: Syria | I37: YAS
A38: Khaledajumasta | B38: IB159 | C38: 63 | D38: ='اعتماد الشهادات 1'!$B38&'اعتماد الشهادات 1'!$C38 -> IB15963 | E38: Training of Trainers (TOT) | F38: 21/14/2022 | G38: Maen Al Shammari | H38: Syria | I38: YAS
A39: Nada Atalaa Alkatayb | B39: IB160 | C39: 48 | D39: ='اعتماد الشهادات 1'!$B39&'اعتماد الشهادات 1'!$C39 -> IB16048 | E39: Training of Trainers (TOT) | F39: 21/14/2022 | G39: Maen Al Shammari | H39: Syria | I39: YAS
A40: Rola Atallah Alkhateeb | B40: IB161 | C40: 47 | D40: ='اعتماد الشهادات 1'!$B40&'اعتماد الشهادات 1'!$C40 -> IB16147 | E40: Training of Trainers (TOT) | F40: 21/14/2022 | G40: Maen Al Shammari | H40: Syria | I40: YAS
A41: HOSSAM SAAD ALSAYED SELIM | B41: IB162 | C41: 66 | D41: ='اعتماد الشهادات 1'!$B41&'اعتماد الشهادات 1'!$C41 -> IB16266 | E41: Training of Trainers (TOT) | F41: 21/14/2022 | G41: Maen Al Shammari | H41: Syria | I41: YAS
A42: Abeer Radi Almasalmeh | B42: IB163 | C42: 62 | D42: ='اعتماد الشهادات 1'!$B42&'اعتماد الشهادات 1'!$C42 -> IB16362 | E42: Training of Trainers (TOT) | F42: 21/14/2022 | G42: Maen Al Shammari | H42: Syria | I42: YAS
A43: Haifa Mamdoh Rahed | B43: IB164 | C43: 31 | D43: ='اعتماد الشهادات 1'!$B43&'اعتماد الشهادات 1'!$C43 -> IB16431 | E43: Training of Trainers (TOT) | F43: 21/14/2022 | G43: Maen Al Shammari | H43: Syria | I43: YAS
A44: Rola Ahmad Jaafreh | B44: IB165 | C44: 37 | D44: ='اعتماد الشهادات 1'!$B44&'اعتماد الشهادات 1'!$C44 -> IB16537 | E44: Medical diploma skills | F44: 21/14/2022 | G44: Alaa Ghalib | H44: Palestine | I44: YAS
A45: IBRAHIM MOHAMMAD AL SHEBLAK | B45: IB166 | C45: 90 | D45: ='اعتماد الشهادات 1'!$B45&'اعتماد الشهادات 1'!$C45 -> IB16690 | E45: Training of Trainers (TOT) | F45: 21/14/2022 | G45: Ahmad Alkoud | H45: Syria | I45: YAS
A46: BOSHRA ABDULKARIM AL SHEBLAK | B46: IB167 | C46: 62 | D46: ='اعتماد الشهادات 1'!$B46&'اعتماد الشهادات 1'!$C46 -> IB16762 | E46: Training of Trainers (TOT) | F46: 21/14/2022 | G46: Ahmad Alkoud | H46: Syria | I46: YAS
... A61: Ahmed Issa Al-Wadi | B61: IB182 | C61: 79 | D61: ='اعتماد الشهادات 1'!$B61&'اعتماد الشهادات 1'!$C61 -> IB18279 | E61: Authorized Agent | F61: 21/14/2022 | G61: Ahmad Alkoud | H61: Syria | I61: YAS
A62: Ali khamis khalfan Alfazari | B62: IB183 | C62: 19 | D62: ='اعتماد الشهادات 1'!$B62&'اعتماد الشهادات 1'!$C62 -> IB18319 | E62: Training of Trainers (TOT) | F62: 44703 | G62: Maen Al Shammari | H62: Sultanate of Oman | I62: YAS
A63: روان جميل عليمات | B63: IB184 | C63: 87 | D63: ='اعتماد الشهادات 1'!$B63&'اعتماد الشهادات 1'!$C63 -> IB18487 | E63: Coach Membership | F63: 44763 | G63: Ahmad Alkoud | H63: Syria | I63: YAS
A64: Abeer Mohammad Aleesa | B64: IB185 | C64: 41 | D64: ='اعتماد الشهادات 1'!$B64&'اعتماد الشهادات 1'!$C64 -> IB18541 | E64: Training of Trainers (TOT) | F64: 44722 | G64: Ahmad Alkoud | H64: Syria | I64: YAS
A65: Abeer Mohammad Aleesa | B65: IB186 | C65: 76 | D65: ='اعتماد الشهادات 1'!$B65&'اعتماد الشهادات 1'!$C65 -> IB18676 | E65: Coach Membership | F65: 44763 | G65: Ahmad Alkoud | H65: Syria | I65: YAS
A66: Fadi Tawfiq AL Bsharaa | B66: IB187 | C66: 61 | D66: ='اعتماد الشهادات 1'!$B66&'اعتماد الشهادات 1'!$C66 -> IB18761 | E66: Training of Trainers (TOT) | F66: 44763 | G66: Ahmad Alkoud | H66: Syria | I66: YAS
A67: Fadi Tawfiq AL Bsharaa | B67: IB188 | C67: 44 | D67: ='اعتماد الشهادات 1'!$B67&'اعتماد الشهادات 1'!$C67 -> IB18844 | E67: Coach Membership | F67: 44763 | G67: Ahmad Alkoud | H67: Syria | I67: YAS
A68: Ayham Mohammed ghanem | B68: IB189 | C68: 28 | D68: ='اعتماد الشهادات 1'!$B68&'اعتماد الشهادات 1'!$C68 -> IB18928 | E68: Training of Trainers (TOT) | F68: 44763 | G68: Ahmad Alkoud | H68: Syria | I68: YAS
A69: Ayham Mohammed ghanem | B69: IB190 | C69: 22 | D69: ='اعتماد الشهادات 1'!$B69&'اعتماد الشهادات 1'!$C69 -> IB19022 | E69: Coach Membership | F69: 44763 | G69: Ahmad Alkoud | H69: Syria | I69: YAS
A70: Najla'a zuhair Almasri | B70: IB191 | C70: 57 | D70: ='اعتماد الشهادات 1'!$B70&'اعتماد الشهادات 1'!$C70 -> IB19157 | E70: Training of Trainers (TOT) | F70: 44672 | G70: Ahmad Alkoud | H70: Syria | I70: YAS
A71: OLA MOHAMED AL NABULSI | B71: IB192 | C71: 19 | D71: ='اعتماد الشهادات 1'!$B71&'اعتماد الشهادات 1'!$C71 -> IB19219 | E71: Training of Trainers (TOT) | F71: 44672 | G71: Ahmad Alkoud | H71: Syria | I71: YAS
A72: Banan mohammad Yahia | B72: IB193 | C72: 39 | D72: ='اعتماد الشهادات 1'!$B72&'اعتماد الشهادات 1'!$C72 -> IB19339 | E72: Training of Trainers (TOT) | F72: 44672 | G72: Ahmad Alkoud | H72: Syria | I72: YAS
A73: Banan mohammad Yahia | B73: IB194 | C73: 42 | D73: ='اعتماد الشهادات 1'!$B73&'اعتماد الشهادات 1'!$C73 -> IB19442 | E73: Coach Membership | F73: 44763 | G73: Ahmad Alkoud | H73: Syria | I73: YAS
... A103: Soumia Nettah | B103: IB224 | C103: 51 | D103: ='اعتماد الشهادات 1'!$B103&'اعتماد الشهادات 1'!$C103 -> IB22451 | E103: Training of Trainers (TOT) | F103: 44672 | G103: Ahmad Alkoud | H103: Syria | I103: YAS
A104: muhamad naji kiwan | B104: IB225 | C104: 62 | D104: ='اعتماد الشهادات 1'!$B104&'اعتماد الشهادات 1'!$C104 -> IB22562 | E104: Center accreditation | I104: YAS
A105: ma. ala' taysir alfaeurii | B105: IB226 | C105: 88 | D105: ='اعتماد الشهادات 1'!$B105&'اعتماد الشهادات 1'!$C105 -> IB22688 | I105: YAS | J105: مخالفة شروط
A106: HILAL JUMA HILAL ALSALEHI | B106: IB227 | C106: 81 | D106: ='اعتماد الشهادات 1'!$B106&'اعتماد الشهادات 1'!$C106 -> IB22781 | E106: Training of Trainers (TOT) | F106: 44738 | G106: Maen Al Shammari | H106: Sultanate of Oman | I106: YAS
A107: yaerib muhamad mutawie | B107: IB228 | C107: 71 | D107: ='اعتماد الشهادات 1'!$B107&'اعتماد الشهادات 1'!$C107 -> IB22871 | E107: Training consultant | I107: YAS
A108: Khamis salim khamis Alharrasi‏ | B108: IB229 | C108: 41 | D108: ='اعتماد الشهادات 1'!$B108&'اعتماد الشهادات 1'!$C108 -> IB22941 | E108: Consultant membership | F108: 44744 | G108: Maen Al Shammari | H108: Sultanate of Oman | I108: YAS
A109: Khamis salim khamis Alharrasi‏ | B109: IB230 | C109: 96 | D109: ='اعتماد الشهادات 1'!$B109&'اعتماد الشهادات 1'!$C109 -> IB23096 | E109: Consultant training | F109: 44744 | G109: Maen Al Shammari | H109: Sultanate of Oman | I109: YAS
A110: Maha Adel Al Melhem | B110: IB231 | C110: 86 | D110: ='اعتماد الشهادات 1'!$B110&'اعتماد الشهادات 1'!$C110 -> IB23186 | E110: Training of Trainers (TOT) | F110: 44672 | G110: Ahmad Alkoud | H110: Syria | I110: YAS
A111: Maha Adel Al Melhem | B111: IB232 | C111: 52 | D111: ='اعتماد الشهادات 1'!$B111&'اعتماد الشهادات 1'!$C111 -> IB23252 | E111: Coach Membership | F111: 44762 | G111: Ahmad Alkoud | H111: Syria | I111: YAS
A112: DOHA MOHAMMED Mkarem | B112: IB233 | C112: 69 | D112: ='اعتماد الشهادات 1'!$B112&'اعتماد الشهادات 1'!$C112 -> IB23369 | E112: Prepared by a specialist | F112: 44758 | G112: Maha Adel Al Melhem | H112: Syria | I112: YAS
A113: NERMEEN NAJEEB ALATWANI | B113: IB234 | C113: 21 | D113: ='اعتماد الشهادات 1'!$B113&'اعتماد الشهادات 1'!$C113 -> IB23421 | E113: Prepared by a specialist | F113: 44758 | G113: Maha Adel Al Melhem | H113: Syria | I113: YAS
A114: Yara Emad Kenaan | B114: IB235 | C114: 88 | D114: ='اعتماد الشهادات 1'!$B114&'اعتماد الشهادات 1'!$C114 -> IB23588 | E114: Prepared by a specialist | F114: 44758 | G114: Maha Adel Al Melhem | H114: Syria | I114: YAS
A115: RajaaNawaaf Zhr aldeen | B115: IB236 | C115: 71 | D115: ='اعتماد الشهادات 1'!$B115&'اعتماد الشهادات 1'!$C115 -> IB23671 | E115: Prepared by a specialist | F115: 44758 | G115: Maha Adel Al Melhem | H115: Syria | I115: YAS
A116: REEM Abdulghafar Aboudaka | B116: IB237 | C116: 36 | D116: ='اعتماد الشهادات 1'!$B116&'اعتماد الشهادات 1'!$C116 -> IB23736 | E116: Prepared by a specialist | F116: 44758 | G116: Maha Adel Al Melhem | H116: Syria | I116: YAS
A117: ADAL FARES MADAH | B117: IB238 | C117: 74 | D117: ='اعتماد الشهادات 1'!$B117&'اعتماد الشهادات 1'!$C117 -> IB23874 | E117: Prepared by a specialist | F117: 44758 | G117: Maha Adel Al Melhem | H117: Syria | I117: YAS
A118: YARA HAMAD ALAKABANE | B118: IB239 | C118: 80 | D118: ='اعتماد الشهادات 1'!$B118&'اعتماد الشهادات 1'!$C118 -> IB23980 | E118: Prepared by a specialist | F118: 44758 | G118: Maha Adel Al Melhem | H118: Syria | I118: YAS
A119: Manar Emad Kanaan | B119: IB240 | C119: 70 | D119: ='اعتماد الشهادات 1'!$B119&'اعتماد الشهادات 1'!$C119 -> IB24070 | E119: Prepared by a specialist | F119: 44758 | G119: Maha Adel Al Melhem | H119: Syria | I119: YAS
... A247: ALI HUSSEIN DOUBLE | B247: IB368 | C247: 63 | D247: ='اعتماد الشهادات 1'!$B247&'اعتماد الشهادات 1'!$C247 -> IB36863 | E247: Medical Emergency Cases and Mastering Medical Skills | F247: 44786 | G247: Bashir Al Kilani | H247: Syria | I247: YAS
A248: SULAIMAN AHMAD ALSULAIMAN | B248: IB369 | C248: 33 | D248: ='اعتماد الشهادات 1'!$B248&'اعتماد الشهادات 1'!$C248 -> IB36933 | E248: Training of Trainers (TOT) | F248: 109/2022 | G248: Ahmad Alkoud | H248: Syria | I248: YAS
A249: SULAIMAN AHMAD ALSULAIMAN | B249: IB370 | C249: 98 | D249: ='اعتماد الشهادات 1'!$B249&'اعتماد الشهادات 1'!$C249 -> IB37098 | E249: Consultant membership | F249: 44805 | G249: Ahmad Alkoud | H249: Syria | I249: YAS
A250: أكاديمية أليسار التعليمية | B250: IB371 | C250: 25 | D250: ='اعتماد الشهادات 1'!$B250&'اعتماد الشهادات 1'!$C250 -> IB37125 | E250: Center accreditation | F250: 44786 | G250: Ahmad Alkoud | H250: Syria | I250: YAS
A251: Mihiar Zouelfoukar Wannousse | B251: IB372 | C251: 79 | D251: ='اعتماد الشهادات 1'!$B251&'اعتماد الشهادات 1'!$C251 -> IB37279 | E251: Training of Trainers (TOT) | F251: 44788 | G251: Ahmad Alkoud | H251: Syria | I251: YAS
A252: Mihiar Zouelfoukar Wannousse | B252: IB373 | C252: 58 | D252: ='اعتماد الشهادات 1'!$B252&'اعتماد الشهادات 1'!$C252 -> IB37358 | E252: Consultant membership | F252: 44788 | G252: Ahmad Alkoud | H252: Syria | I252: YAS
A253: AMENA YAHIA HARBA | B253: IB374 | C253: 28 | D253: ='اعتماد الشهادات 1'!$B253&'اعتماد الشهادات 1'!$C253 -> IB37428 | E253: Advanced English Language Course | F253: 44786 | G253: Bashir Al Kilani | H253: Syria | I253: YAS
A254: Ghizlan Ali Mohd Al Baloushi | B254: IB375 | C254: 13 | D254: ='اعتماد الشهادات 1'!$B254&'اعتماد الشهادات 1'!$C254 -> IB37513 | E254: Training of Trainers (TOT) | F254: 44790 | G254: Maha Adel Al Melhem | H254: Sultanate of Oman | I254: YAS
A255: Outalaayent Abdelkarim | B255: IB376 | C255: 62 | D255: ='اعتماد الشهادات 1'!$B255&'اعتماد الشهادات 1'!$C255 -> IB37662 | E255: Training of Trainers (TOT) | F255: 44790 | G255: Maha Adel Al Melhem | H255: Morocco | I255: YAS
A256: Rabha Hoseen Adam | B256: IB377 | C256: 89 | D256: ='اعتماد الشهادات 1'!$B256&'اعتماد الشهادات 1'!$C256 -> IB37789 | E256: Training of Trainers (TOT) | F256: 44790 | G256: Maha Adel Al Melhem | H256: Libya | I256: YAS
A257: ZINAB MUSBAH MOHAMMED ALEHIRSH | B257: IB378 | C257: 49 | D257: ='اعتماد الشهادات 1'!$B257&'اعتماد الشهادات 1'!$C257 -> IB37849 | E257: Training of Trainers (TOT) | F257: 44790 | G257: Maha Adel Al Melhem | H257: Libya | I257: YAS
A258: ATYAH MANHAL ALDARWIESH | B258: IB379 | C258: 74 | D258: ='اعتماد الشهادات 1'!$B258&'اعتماد الشهادات 1'!$C258 -> IB37974 | E258: Advanced Accounting software | F258: 44794 | G258: Bashir Al Kilani | H258: Syria | I258: YAS
A259: ALAA MOHAMMED ALRAAEI | B259: IB380 | C259: 33 | D259: ='اعتماد الشهادات 1'!$B259&'اعتماد الشهادات 1'!$C259 -> IB38033 | E259: Advanced Accounting software | F259: 44794 | G259: Bashir Al Kilani | H259: Syria | I259: YAS
A260: MUHAMMAD CHEHAB ALADEEB | B260: IB381 | C260: 81 | D260: ='اعتماد الشهادات 1'!$B260&'اعتماد الشهادات 1'!$C260 -> IB38181 | E260: Advanced Accounting software | F260: 44794 | G260: Bashir Al Kilani | H260: Syria | I260: YAS
... A320: SANDY MOUHAMMED OMRAN | B320: IB441 | C320: 75 | D320: ='اعتماد الشهادات 1'!$B320&'اعتماد الشهادات 1'!$C320 -> IB44175 | E320: Medical Emergency Cases and Mastering Medical Skills | F320: 44814 | G320: Bashir Al Kilani | H320: Syria | I320: YAS
A321: MOHAMMED ABDO HAMADA | B321: IB442 | C321: 37 | D321: ='اعتماد الشهادات 1'!$B321&'اعتماد الشهادات 1'!$C321 -> IB44237 | E321: Medical Emergency Cases and Mastering Medical Skills | F321: 10/9/9/2022 | G321: Bashir Al Kilani | H321: Syria | I321: YAS
A322: MOHMAD FOUAD BAITY | B322: IB443 | C322: 36 | D322: ='اعتماد الشهادات 1'!$B322&'اعتماد الشهادات 1'!$C322 -> IB44336 | E322: Medical Emergency Cases and Mastering Medical Skills | F322: 44817 | G322: Bashir Al Kilani | H322: Syria | I322: YAS
A323: MAHA AHMAD ALOWIED | B323: IB444 | C323: 69 | D323: ='اعتماد الشهادات 1'!$B323&'اعتماد الشهادات 1'!$C323 -> IB44469 | E323: Medical Emergency Cases and Mastering Medical Skills | F323: 44817 | G323: Bashir Al Kilani | H323: Syria | I323: YAS
A324: ALI YOUNES ALYOUNES | B324: IB445 | C324: 53 | D324: ='اعتماد الشهادات 1'!$B324&'اعتماد الشهادات 1'!$C324 -> IB44553 | E324: Medical Emergency Cases and Mastering Medical Skills | F324: 44817 | G324: Bashir Al Kilani | H324: Syria | I324: YAS
A325: LAITH AHMAD AL ASMAAEL | B325: IB446 | C325: 70 | D325: ='اعتماد الشهادات 1'!$B325&'اعتماد الشهادات 1'!$C325 -> IB44670 | E325: Medical Emergency Cases and Mastering Medical Skills | F325: 44817 | G325: Bashir Al Kilani | H325: Syria | I325: YAS
A326: IMAN AHMAD AL SALAMA | B326: IB447 | C326: 95 | D326: ='اعتماد الشهادات 1'!$B326&'اعتماد الشهادات 1'!$C326 -> IB44795 | E326: Accounting software (AI) | F326: 44817 | G326: Bashir Al Kilani | H326: Syria | I326: YAS
A327: ALAA IBRAHIM DAHER | B327: IB448 | C327: 21 | D327: ='اعتماد الشهادات 1'!$B327&'اعتماد الشهادات 1'!$C327 -> IB44821 | E327: Accounting software (AI) | F327: 44817 | G327: Bashir Al Kilani | H327: Syria | I327: YAS
A328: HISHAM ANTONIOS ANID | B328: IB449 | C328: 58 | D328: ='اعتماد الشهادات 1'!$B328&'اعتماد الشهادات 1'!$C328 -> IB44958 | E328: Accounting software (AI) | F328: 44817 | G328: Bashir Al Kilani | H328: Syria | I328: YAS
A329: YAHIA MOHAMMAD SALAMA | B329: IB450 | C329: 23 | D329: ='اعتماد الشهادات 1'!$B329&'اعتماد الشهادات 1'!$C329 -> IB45023 | E329: Accounting software (AI) | F329: 44817 | G329: Bashir Al Kilani | H329: Syria | I329: YAS
A330: DIANA FAISAL DARBOOLEI | B330: IB451 | C330: 82 | D330: ='اعتماد الشهادات 1'!$B330&'اعتماد الشهادات 1'!$C330 -> IB45182 | E330: Accounting software (AI) | F330: 44817 | G330: Bashir Al Kilani | H330: Syria | I330: YAS
A331: AHMED NASER ALKORDE | B331: IB452 | C331: 66 | D331: ='اعتماد الشهادات 1'!$B331&'اعتماد الشهادات 1'!$C331 -> IB45266 | E331: Certified Management Accountant (CMA) | F331: 44817 | G331: Bashir Al Kilani | H331: Syria | I331: YAS
A332: AHMED NASER ALKORDE | B332: IB453 | C332: 86 | D332: ='اعتماد الشهادات 1'!$B332&'اعتماد الشهادات 1'!$C332 -> IB45386 | E332: Advanced Excel | F332: 44817 | G332: Bashir Al Kilani | H332: Syria | I332: YAS
A333: OMAR ADNAN MOHAMAD | B333: IB454 | C333: 62 | D333: ='اعتماد الشهادات 1'!$B333&'اعتماد الشهادات 1'!$C333 -> IB45462 | E333: Diploma In Marketing And Sales | F333: 44817 | G333: Bashir Al Kilani | H333: Syria | I333: YAS
... A568: ALINE AMIN DAWOOD | B568: IB689 | C568: 19 | D568: ='اعتماد الشهادات 1'!$B568&'اعتماد الشهادات 1'!$C568 -> IB68919 | E568: Medical Emergency Cases and Mastering Medical Skills | F568: 44854 | G568: Bashir Al Kilani | H568: Syria | I568: YAS
A569: Amani Moataz Hassan Arim | B569: IB690 | C569: 21 | D569: ='اعتماد الشهادات 1'!$B569&'اعتماد الشهادات 1'!$C569 -> IB69021 | E569: Training of Trainers (TOT) | F569: 44856 | G569: Alaa alja'afreh | H569: Syria
A570: Amani Moataz Hassan Arim | B570: IB691 | C570: 15 | D570: ='اعتماد الشهادات 1'!$B570&'اعتماد الشهادات 1'!$C570 -> IB69115 | E570: Coach Membership | F570: 44856 | G570: Alaa alja'afreh | H570: Syria
...

Sheet اعتماد 2
A1: WASSIM SOPEH SOPEH | B1: FATIMA ABD ALATIF ALMOHBANI | C1: IB20221 | D1: 4 | E1: ='[1]اعتماد الشهادات 2'!$B1&'[1]اعتماد الشهادات 2'!$C1 -> #REF! | F1: Nursing And First Aid Skills | G1: 45575 | H1: Bashir Al Kilani | I1: سوري | J1: لا
A2: MAHMOUD OMAR HOMIDE | B2: SALMAN RAMDAN ALSALEEM | C2: IB20222 | D2: 4 | E2: IB199903 | F2: Advanced Diploma In Accounting | G2: 45596 | H2: Bashir Al Kilani | I2: سوري | J2: لا
A3: MAHMOUD OMAR HOMIDE | B3: MOHAMMED HAZEM ZOHER SHAHEEN | C3: IB20223 | D3: 4 | E3: IB199912 | F3: Advanced Diploma In Accounting | G3: 45590 | H3: Bashir Al Kilani | I3: سوري | J3: لا
A4: REEM ABDULGHANI ALSHBLI | B4: MOHAMAD SOLIMAN FERAS ALKHDER | C4: IB20224 | D4: 4 | E4: IB199925 | F4: Mobile Maintenance Technician | G4: 45603 | H4: Bashir Al Kilani | I4: سوري | J4: لا
A5: RAWAN ALI RASHED | B5: SAJED FERAS ALKHDER | C5: IB20225 | D5: 5 | E5: IB199932 | F5: Mobile Maintenance Technician | G5: 45603 | H5: Bashir Al Kilani | I5: سوري | J5: لا
A6: RADWAN BASAAM ALABRASH | B6: SANDY MOHAMAD ALSAYED | C6: IB20226 | D6: 3 | E6: IB199943 | F6: TRAINING OF TRAINERS | G6: 45607 | H6: Bashir Al Kilani | I6: سوري | J6: لا
A7: HADEEL ALSAHSAH EZZO | B7: GHAZAL SAMEER ALSADAT | C7: IB20227 | D7: 4 | E7: IB199954 | F7: TRAINING OF TRAINERS | G7: 45607 | H7: Bashir Al Kilani | I7: سوري | J7: لا
A8: FARAH MOHAMAD ALNABLSE | B8: MUSTAPHA KENAN ALHAYEK | C8: IB20228 | D8: 4 | E8: IB199964 | F8: TRAINING OF TRAINERS | G8: 45607 | H8: Bashir Al Kilani | I8: سوري | J8: لا
A9: MOUSTAFA ADNAN AIHAKIM | B9: AHMAD HUSSEIN JABR | C9: IB20229 | D9: 4 | E9: IB199973 | F9: TRAINING OF TRAINERS | G9: 45607 | H9: Bashir Al Kilani | I9: سوري | J9: لا
A10: MUHAMMAD ADNAN ALHAKEEM | B10: MONTAHA IBRAHIM AL AHMAD | C10: IB20230 | D10: 2 | E10: IB199982 | F10: TRAINING OF TRAINERS | G10: 45607 | H10: Bashir Al Kilani | I10: سوري | J10: لا
A11: AMEEN ASAD ALTAYASNEH | B11: REHAB HUSSEIN RESHEE | C11: IB20231 | D11: 3 | E11: IB199995 | F11: TRAINING OF TRAINERS | G11: 45607 | H11: Bashir Al Kilani | I11: سوري | J11: لا
A12: MOHAMMAD HOSSIEN ABOJABAL | B12: HADEEL ALSAHSAH EZZO | C12: IB20232 | D12: 4 | E12: IB200004 | F12: TRAINING OF TRAINERS | G12: 45607 | H12: Bashir Al Kilani | I12: سوري | J12: لا
A13: NIZAR MESAAB ABUALSEL | B13: SHAM KENAN ALHAYEK | C13: IB20233 | D13: 3 | E13: IB200015 | F13: TRAINING OF TRAINERS | G13: 45607 | H13: Bashir Al Kilani | I13: سوري | J13: لا
... A32: MAREA ADNAN ALDAHR | B32: HASAN AHMAD YOUNES | C32: IB20252 | D32: 2 | E32: IB200202 | F32: Office Programs | G32: 45614 | H32: Bashir Al Kilani | I32: سوري | J32: لا
A33: MAJD ALDEEN AZAM ALMUHAMMED | B33: FATIMA MOHAMMED ROHI QURAIN | C33: IB20255 | D33: 4 | E33: IB202554 | F33: Emotional Intelligence | G33: 45610 | H33: Bashir Al Kilani
A34: KHADER HUSSEIN SHEIKH DAHER | B34: YAMAM MUHSSEN ASAD | C34: IB20256 | D34: 2 | E34: IB202562 | F34: Medical Translation & Medical Content Writing | G34: 45532 | H34: Bashir Al Kilani
A35: AHMAD ABDULWAHED ALSAEED | B35: REEM SAMIR JALHOUM | C35: IB20257 | D35: 2 | E35: IB202572 | F35: Graphic Design | G35: 45613 | H35: Bashir Al Kilani
A36: SULEIMAN AHMED ALSAREM | B36: ZEINA SAMI ABOUD | C36: IB20258 | D36: 5 | E36: IB202585 | F36: Graphic Design | G36: 45613 | H36: Bashir Al Kilani
A37: MOHAMED YOUSEF SHABALOUT | B37: NOURA MONI SALLOUM | C37: IB20259 | D37: 4 | E37: IB202594 | F37: Graphic Design | G37: 45613 | H37: Bashir Al Kilani
A38: ABDULRAHIM RASLAN ALJAMOUS
A39: MOSTAFA AMMAR YAHIA
A40: NOURSHAN MOHMAD LOOSH
A41: IBRAHEM MOFAK MLHEM
A42: MUSTAFA TAREK HAJ FATTOUH
A43: ALI AHMAD OTHMAN
A44: AYMAN MOHAMMED AMER KRENBEH
A45: SARA IBRAHEEM ALHERABALI
A46: MOHAMMAD SALIM DIAB ALHIRBAWII
A47: ABDALRAHMAN MOHAMMED KHIR HAJ ALI
A48: ANAS DIAB ALHASHASH
A49: HAJAR FARID ALSALEH
... A263: HASAN AHMAD YOUNES

Sheet اعتماد المراكز
A1: اسم المركز | B1: رقم اعتماد المركز | C1: اسم المسؤول / المشرف عن المركز | D1: مقر المركز / البلد | E1: العنوان بتفصيل | F1: ايميل المركز "البريد الالكتروني" | G1: رقم تواصل | H1: تاريخ اعتماد المركز | I1: تاريخ انتهاء الاعتماد
A2: مركز سواعد | B2: IB28183 | C2: بشير مصطفى كيلاني | D2: سوريا | E2: حمص - الساعة الجديدة - فرب متحف بناء خلدون | F2: center.swaed@gmail.com | G2: 936353677 | H2: 44773 | I2: 44924
A3: مركز ابداع للتنمية والتدريب الاحترافي | B3: IB28263 | C3: ربى عبد الكريم الاسعد | D3: سوريا | E3: السويداء - طريق قنوات - شمال دوار الزنبقة بناء سوليه2 | F3: ebdaayouth1@gmail.com | G3: 937859998 | H3: 44772 | I3: 44924
A4: مركز نبض التنموي | B4: IB28089 | C4: عمار رمضان | D4: سوريا | E4: حماه - شارع المرابط مجمع الخاني طابق الثالث | F4: dr.ammar-alramadan@hotmail.com | G4: 940300690 | H4: 44775 | I4: 44925
A5: اعمالكم للخدمات اللوجستية | B5: IB35751 | C5: طلال موسى محمد مشاقبة | D5: الأردن | E5: المفرق - شارع جرش قرب بنك الاتحاد | G5: 792843920 | H5: 44784 | I5: 44925
A6: أكاديمية أليسار التعليمية | B6: IB37125 | C6: اليسار نوف | D6: سوريا | E6: دمشق المزة 86 شارع البيت الطويل شارع 16 | F6: alisarnayouftrainer@gmail.com | G6: 992367778 | H6: 44786 | I6: 44925
A7: اكاديمية ابن حزم للتدريب والتعليم والتنمية البشرية | B7: IB41059 | C7: احمد حسين العبدالله | D7: سوريا | E7: دير زور- مدينة هحين - شارع الثانوية بناء عبد العزيزي الغفوري | F7: IbnHazmAcademy@gmail.com | G7: 993539611 | H7: 44810 | I7: 44925
A8: فريق الولاء للتدريب والاستشارات | B8: ='اعتماد الشهادات 1'!$B8&'اعتماد الشهادات 1'!$C8 -> IB12953 | C8: ولاء محمد عدنان الصالحاني | D8: سوريا | F8: WalaaAlsalhani11@gmail.com | H8: 44855 | I8: 44925
B9: ='اعتماد الشهادات 1'!$B9&'اعتماد الشهادات 1'!$C9 -> IB13039 | E9: idea36630@gmail.com | F9: فكرة
A10: Helioplice center | B10: ='اعتماد الشهادات 1'!$B10&'اعتماد الشهادات 1'!$C10 -> IB13119 | G10: 963969047606
B11: ='اعتماد الشهادات 1'!$B11&'اعتماد الشهادات 1'!$C11 -> IB13231
